[{"model": "users.users", "pk": 1, "fields": {"password": "!QN8FK0lTQUqYoy6cZvPKQERWmjyaI8Lr8krZWKoD", "last_login": null, "is_superuser": false, "first_name": "", "last_name": "", "is_staff": false, "is_active": true, "date_joined": "2024-04-06T06:14:06.110Z", "email": "AnonymousUser", "balance": 0.0, "telegram_chat_id": null, "groups": [], "user_permissions": []}}, {"model": "users.users", "pk": 3, "fields": {"password": "pbkdf2_sha256$720000$VI3bbOQfNDALOfRY0JYfhB$fiF9osxyqdJetypOyvwlRXpdYE+4WEESMQ0Z2xq950E=", "last_login": "2024-04-06T06:15:19Z", "is_superuser": true, "first_name": "", "last_name": "", "is_staff": true, "is_active": true, "date_joined": "2024-04-06T06:15:17Z", "email": "lekv@infodev.ru", "balance": 0.0, "telegram_chat_id": null, "groups": [], "user_permissions": [51, 46]}}]
